Product,Channel,Winning_Model,Accuracy_constrained,PDP_violation_constrained_pct,Accuracy_unconstrained,Accuracy_delta_pp
Whole Grain Crackers 200g,Supermarkets,SKU_Stacked_GAM_LGBM,0.7852991471567633,42.10526315789473,0.8051530387040593,-1.9853891547295999
Cereal Bar 50g,Supermarkets,SKU_XGBoost_Tuned,0.7928928160748611,0.0,0.7930185163767857,-0.01257003019246028
Natural Juice 1L,Supermarkets,SKU_LightGBM_Tuned,0.7701135126167822,0.0,0.7724988032085158,-0.23852905917336464
Flavored Water 500ml,Traditional,SKU_Stacked_GAM_LGBM,0.7708228838792938,0.0,0.7686453120605148,0.21775718187789783
Flavored Water 500ml,Supermarkets,SKU_LightGBM_Tuned,0.7628087144442803,0.0,0.761738782328716,0.1069932115564387
Cereal Bar 50g,Traditional,SKU_LightGBM_Tuned,0.59282290941046,0.0,0.5888201776056774,0.4002731804782611
Whole Grain Crackers 200g,Traditional,SKU_LightGBM_Tuned,0.5854872610492429,0.0,0.5810028356328105,0.4484425416432347
Energy Drink 350ml,E-commerce,SKU_LightGBM_Tuned,0.46676119836069296,0.0,0.4661042993240011,0.06568990366918603
