Product,Channel,Winning_Model,Accuracy_constrained,PDP_violation_constrained_pct,Accuracy_unconstrained,Accuracy_delta_pp
Whole Grain Crackers 200g,Supermarkets,SKU_Stacked_GAM_LGBM,0.8036245036634398,42.10526315789473,0.8136659119723738,-1.0041408308933963
Cereal Bar 50g,Supermarkets,SKU_XGBoost_Tuned,0.7922469852882901,0.0,0.7935334468201791,-0.12864615318890493
Natural Juice 1L,E-commerce,SKU_XGBoost_Tuned,0.6673024461540076,0.0,0.7393336602398766,-7.203121408586899
Natural Juice 1L,Supermarkets,SKU_LightGBM_Tuned,0.6709778872152234,0.0,0.7121964812031034,-4.121859398787997
Flavored Water 500ml,Supermarkets,SKU_LightGBM_Tuned,0.6524851243799406,0.0,0.7021418925686018,-4.965676818866127
Cereal Bar 50g,Traditional,SKU_LightGBM_Tuned,0.5837451041565286,0.0,0.6990407329832211,-11.529562882669254
Whole Grain Crackers 200g,Traditional,SKU_LightGBM_Tuned,0.5131627159870595,0.0,0.6946881797481728,-18.152546376111324
Energy Drink 350ml,E-commerce,SKU_LightGBM_Tuned,-0.23165166764672085,0.0,0.17066362408009417,-40.231529172681505
Flavored Water 500ml,E-commerce,SKU_LightGBM_Tuned,-0.4281160763019163,0.0,-0.18784329083787643,-24.027278546403984
