Channel,n_test,MAPE_baseline,Accuracy_baseline,MAPE_improved,Accuracy_improved,Accuracy_delta_pp
E-commerce,115,0.8032667591491589,0.1967332408508411,0.7435161486267433,0.2564838513732567,5.975061052241559
Supermarkets,115,0.2879881240696683,0.7120118759303318,0.30707075812389784,0.6929292418761022,-1.9082634054229608
Traditional,115,0.36359320342954593,0.6364067965704541,0.374669620129844,0.6253303798701559,-1.107641670029813
OVERALL (weighted),345,0.4849493622161244,0.5150506377838756,0.47508550896016166,0.5249144910398383,0.9863853255962729
