Product,Channel,Winning_Model,Accuracy_constrained,PDP_violation_constrained_pct,Accuracy_unconstrained,Accuracy_delta_pp
Whole Grain Crackers 200g,Supermarkets,SKU_Stacked_GAM_LGBM,0.8036245036636349,42.10526315789473,0.8136659119728212,-1.0041408309186317
Whole Grain Crackers 200g,E-commerce,SKU_LightGBM,0.7960451592413185,0.0,0.7967288266417164,-0.0683667400397936
Cereal Bar 50g,Supermarkets,SKU_XGBoost_Tuned,0.794214983759264,0.0,0.7919537655643416,0.22612181949224208
Natural Juice 1L,Supermarkets,SKU_LightGBM_Tuned,0.6942297556845933,0.0,0.7076288251362944,-1.3399069451701107
Natural Juice 1L,E-commerce,SKU_LightGBM_Tuned,0.6423084572033082,0.0,0.689533922514463,-4.722546531115479
Flavored Water 500ml,Supermarkets,SKU_LightGBM,0.6653753753894325,0.0,0.6700901930614132,-0.47148176719806756
Whole Grain Crackers 200g,Traditional,SKU_LightGBM_Tuned,0.5825921836500293,0.0,0.5822011638633042,0.03910197867250664
Flavored Water 500ml,E-commerce,SKU_XGBoost_Tuned,-0.25634823257443706,0.0,-0.2522083548859917,-0.41398776884453703
